,shop_id,ORANGE BARLEY 1.5L 10 quantity_sold,ORANGE BARLEY 1.5L 11 quantity_sold,ORANGE BARLEY 1.5L 12 quantity_sold,GINGER BEER 1.5L 10 quantity_sold,GINGER BEER 1.5L 11 quantity_sold,GINGER BEER 1.5L 12 quantity_sold,TONIC PET 500ML 10 quantity_sold,TONIC PET 500ML 11 quantity_sold,TONIC PET 500ML 12 quantity_sold,CREAM SODA 1L 10 quantity_sold,CREAM SODA 1L 11 quantity_sold,CREAM SODA 1L 12 quantity_sold,STRAWBERRY MILK 180ML 10 quantity_sold,STRAWBERRY MILK 180ML 11 quantity_sold,STRAWBERRY MILK 180ML 12 quantity_sold,CREAM SODA 1.5L 10 quantity_sold,CREAM SODA 1.5L 11 quantity_sold,CREAM SODA 1.5L 12 quantity_sold,TWISTEE APPLE 1L 10 quantity_sold,TWISTEE APPLE 1L 11 quantity_sold,TWISTEE APPLE 1L 12 quantity_sold,FIT O MIXED FRUIT 200ML 10 quantity_sold,FIT O MIXED FRUIT 200ML 11 quantity_sold,FIT O MIXED FRUIT 200ML 12 quantity_sold,SODA PET 1.5L 10 quantity_sold,SODA PET 1.5L 11 quantity_sold,SODA PET 1.5L 12 quantity_sold,FIT O MIXED FRUIT 1L 10 quantity_sold,FIT O MIXED FRUIT 1L 11 quantity_sold,FIT O MIXED FRUIT 1L 12 quantity_sold,KIK COLA 1L 10 quantity_sold,KIK COLA 1L 11 quantity_sold,KIK COLA 1L 12 quantity_sold,LEMONADE 500ML 10 quantity_sold,LEMONADE 500ML 11 quantity_sold,LEMONADE 500ML 12 quantity_sold,FIT O ORANGE 1L 10 quantity_sold,FIT O ORANGE 1L 11 quantity_sold,FIT O ORANGE 1L 12 quantity_sold,NECTO 1.5L 10 quantity_sold,NECTO 1.5L 11 quantity_sold,NECTO 1.5L 12 quantity_sold,LEMONADE 1.5L 10 quantity_sold,LEMONADE 1.5L 11 quantity_sold,LEMONADE 1.5L 12 quantity_sold,GINGER BEER 1L 10 quantity_sold,GINGER BEER 1L 11 quantity_sold,GINGER BEER 1L 12 quantity_sold,FIT O MANGO 200ML 10 quantity_sold,FIT O MANGO 200ML 11 quantity_sold,FIT O MANGO 200ML 12 quantity_sold,FIT O MANGO 1L 10 quantity_sold,FIT O MANGO 1L 11 quantity_sold,FIT O MANGO 1L 12 quantity_sold,CREAM SODA 500ML 10 quantity_sold,CREAM SODA 500ML 11 quantity_sold,CREAM SODA 500ML 12 quantity_sold,FIT O ORANGE 200ML 10 quantity_sold,FIT O ORANGE 200ML 11 quantity_sold,FIT O ORANGE 200ML 12 quantity_sold,CREAM SODA APPLE POP 1L 10 quantity_sold,CREAM SODA APPLE POP 1L 11 quantity_sold,CREAM SODA APPLE POP 1L 12 quantity_sold,BOTTLED DRINKING WATER 500ML 10 quantity_sold,BOTTLED DRINKING WATER 500ML 11 quantity_sold,BOTTLED DRINKING WATER 500ML 12 quantity_sold,SODA 500ML 10 quantity_sold,SODA 500ML 11 quantity_sold,SODA 500ML 12 quantity_sold,GINGER BEER 500ML 10 quantity_sold,GINGER BEER 500ML 11 quantity_sold,GINGER BEER 500ML 12 quantity_sold,SODA 1L 10 quantity_sold,SODA 1L 11 quantity_sold,SODA 1L 12 quantity_sold,NECTO 500ML 10 quantity_sold,NECTO 500ML 11 quantity_sold,NECTO 500ML 12 quantity_sold,ORANGE CRUSH 500ML 10 quantity_sold,ORANGE CRUSH 500ML 11 quantity_sold,ORANGE CRUSH 500ML 12 quantity_sold,BOTTLED DRINKING WATER 1.5L 10 quantity_sold,BOTTLED DRINKING WATER 1.5L 11 quantity_sold,BOTTLED DRINKING WATER 1.5L 12 quantity_sold,NECTO 1L 10 quantity_sold,NECTO 1L 11 quantity_sold,NECTO 1L 12 quantity_sold,GINGER BEER SUGAR FREE 500ML 10 quantity_sold,GINGER BEER SUGAR FREE 500ML 11 quantity_sold,GINGER BEER SUGAR FREE 500ML 12 quantity_sold,ORANGE CRUSH 1.5L 10 quantity_sold,ORANGE CRUSH 1.5L 11 quantity_sold,ORANGE CRUSH 1.5L 12 quantity_sold,DRY GINGER ALE PET 500ML 10 quantity_sold,DRY GINGER ALE PET 500ML 11 quantity_sold,DRY GINGER ALE PET 500ML 12 quantity_sold,LEMONADE 1L 10 quantity_sold,LEMONADE 1L 11 quantity_sold,LEMONADE 1L 12 quantity_sold,ORANGE CRUSH 1L 10 quantity_sold,ORANGE CRUSH 1L 11 quantity_sold,ORANGE CRUSH 1L 12 quantity_sold,GINGER BEER 400ML 10 quantity_sold,GINGER BEER 400ML 11 quantity_sold,GINGER BEER 400ML 12 quantity_sold,CHOCOLATE MILK 180ML 10 quantity_sold,CHOCOLATE MILK 180ML 11 quantity_sold,CHOCOLATE MILK 180ML 12 quantity_sold,LIME CRUSH JUICE 1L 10 quantity_sold,LIME CRUSH JUICE 1L 11 quantity_sold,LIME CRUSH JUICE 1L 12 quantity_sold
0,SHOP047,106,6,1,68,117,121,35,46,35,7,15,6,0,42,10,64,109,76,4,3,23,11,19,14,38,61,27,7,22,2,0,5,2,21,7,3,17,38,11,32,24,46,20,4,17,101,76,12,15,38,34,41,14,11,104,134,40,21,79,37,22,30,19,47,63,14,31,17,12,37,28,19,33,36,19,4,20,1,9,24,6,15,17,10,1,2,3,9,12,5,27,17,15,0,8,0,6,10,3,6,36,5,42,5,4,0,0,0,0,0,0
1,SHOP009,290,28,15,181,271,566,44,50,41,15,27,20,14,28,25,136,306,244,31,20,0,87,52,43,45,54,45,7,95,13,5,11,14,32,48,33,48,86,74,21,65,252,40,84,70,201,222,129,50,36,16,53,12,11,81,242,128,82,97,44,64,91,48,140,143,144,53,101,65,100,80,74,38,75,32,31,32,16,27,45,37,29,67,27,4,13,7,35,44,17,67,85,23,25,17,14,13,2,0,0,14,3,19,35,15,0,0,0,0,0,0
2,SHOP083,259,70,30,165,217,352,34,57,26,21,36,19,35,38,36,146,258,188,26,22,0,39,43,10,51,75,34,25,64,6,18,14,11,33,15,15,42,127,42,25,44,217,45,53,70,161,263,135,21,51,17,63,25,5,105,163,140,43,93,36,32,102,52,82,131,43,46,82,34,23,65,34,36,71,44,15,10,15,18,24,13,32,23,26,13,8,8,8,52,7,46,58,30,29,23,15,15,0,0,9,13,5,7,13,9,0,0,3,0,0,0
3,SHOP117,295,26,18,185,239,373,119,180,91,13,28,17,15,54,29,112,262,191,28,15,0,46,106,36,163,183,167,10,80,20,28,22,22,7,28,22,28,131,57,33,33,336,47,75,60,151,191,126,39,90,37,65,24,26,31,205,107,39,64,47,104,141,73,21,67,64,107,204,107,17,29,35,133,193,123,1,26,18,11,32,15,22,70,24,3,1,6,24,45,16,26,20,36,51,70,34,13,17,0,3,32,14,12,32,12,0,0,0,0,0,0
4,SHOP042,217,32,16,123,203,340,39,67,34,11,20,9,35,59,31,87,220,171,33,15,0,25,17,11,51,73,41,7,51,9,7,12,6,11,30,16,38,100,45,20,21,137,32,64,35,150,199,118,30,27,9,70,22,6,97,180,108,58,45,39,54,45,39,88,68,72,51,113,47,27,66,54,42,69,32,9,13,4,9,23,14,7,54,30,7,0,0,18,24,26,22,32,23,30,28,16,10,16,8,1,13,4,10,22,15,0,0,0,0,0,0
5,SHOP034,159,9,3,134,171,225,30,44,33,3,15,21,57,23,5,77,140,115,10,21,0,23,20,17,46,66,64,3,47,4,4,3,3,13,10,17,25,62,35,90,44,280,13,23,26,18,53,11,9,26,15,24,17,7,111,191,98,36,74,23,12,44,42,54,57,39,44,83,35,31,50,12,31,46,14,5,13,8,19,16,11,18,42,14,5,18,2,6,19,8,32,39,31,4,29,11,1,8,4,1,7,4,7,18,8,0,0,3,0,0,0
6,SHOP100,441,54,35,210,406,545,65,71,36,13,15,17,23,90,48,194,395,306,23,27,0,78,71,36,80,119,72,21,87,30,9,10,6,28,65,12,29,153,126,32,137,421,79,138,116,90,168,84,74,59,42,55,27,16,193,208,192,64,62,47,50,72,64,45,140,92,94,117,68,70,80,41,69,73,32,25,23,14,17,21,24,38,59,75,2,1,7,38,19,24,60,58,42,36,43,29,18,3,0,10,13,15,2,2,24,0,0,0,0,0,0
7,SHOP057,161,31,13,90,107,206,57,92,59,16,10,8,2,50,9,56,162,110,25,30,6,20,11,20,67,117,43,12,41,10,9,11,14,21,24,14,25,114,57,41,22,120,67,83,59,137,199,161,19,48,14,45,20,19,69,116,67,22,33,45,26,44,32,54,60,72,50,118,88,33,67,53,40,99,57,2,4,7,0,13,10,45,38,29,11,7,6,29,42,27,13,30,21,26,22,20,15,0,0,11,13,7,27,11,5,0,0,5,0,0,0
8,SHOP098,636,24,31,193,261,699,34,55,29,6,12,10,26,83,48,189,541,344,27,14,0,50,93,67,54,63,67,21,92,10,8,15,8,6,25,19,37,142,30,43,71,503,25,46,50,80,209,101,34,58,32,38,20,17,40,290,86,62,117,60,98,45,88,44,126,89,49,125,59,45,99,28,91,85,50,10,18,2,12,33,7,45,49,28,5,8,2,5,39,10,42,53,29,24,44,35,18,9,3,2,16,4,14,26,16,0,0,0,0,0,0
9,SHOP123,117,20,9,121,147,190,15,54,33,8,8,8,25,79,31,90,128,94,12,20,4,14,24,30,23,47,24,0,27,18,2,7,5,5,26,9,35,80,23,19,27,104,11,31,30,34,104,53,8,17,2,42,6,12,88,70,79,18,31,35,41,43,19,68,35,31,25,69,37,40,41,13,50,42,22,0,18,9,18,10,5,12,36,49,5,4,3,17,22,7,23,28,16,4,12,11,11,0,0,8,1,3,5,15,4,0,0,11,0,0,0
10,SHOP116,279,40,23,166,204,388,207,320,149,8,14,7,14,79,18,89,222,171,33,23,0,47,48,45,139,216,131,19,62,23,2,9,6,32,41,24,56,124,61,19,30,224,47,68,52,120,143,83,50,41,80,49,20,8,119,131,82,46,89,112,61,53,38,158,145,139,170,206,103,41,66,36,146,245,115,10,33,7,19,19,18,110,148,109,4,3,6,23,63,24,21,8,12,82,107,54,6,16,5,2,4,7,17,21,0,0,0,0,0,0,0
11,SHOP005,170,34,18,208,255,410,62,150,21,11,21,17,14,91,17,144,263,159,36,20,0,57,42,32,78,120,44,8,56,19,5,17,4,30,50,23,51,144,127,292,34,150,81,64,69,141,175,140,47,30,31,81,22,18,204,127,93,35,61,58,53,65,46,70,87,60,57,99,31,30,78,58,90,97,40,13,16,6,23,19,8,40,56,23,3,13,9,25,42,30,48,43,37,24,33,10,14,16,8,3,11,1,9,43,13,0,0,4,0,0,0
12,SHOP065,230,19,10,266,309,413,72,78,52,22,53,17,10,38,20,107,198,159,19,21,0,16,32,17,75,116,30,8,38,10,9,15,10,30,37,13,36,87,41,13,44,185,24,51,46,133,282,88,22,37,27,54,17,5,156,170,186,45,44,41,33,59,32,69,103,42,50,68,35,49,44,32,52,87,43,14,14,8,11,16,26,18,28,15,13,13,4,15,44,14,74,35,32,22,31,11,7,21,0,4,9,6,14,22,6,0,0,0,0,0,0
13,SHOP104,229,14,16,92,156,402,89,135,51,4,16,13,32,55,15,86,128,145,22,7,0,27,71,24,99,83,83,12,58,3,11,8,9,16,34,10,30,92,93,12,11,200,29,38,42,88,83,66,5,4,10,43,16,3,65,127,67,66,82,20,41,52,30,82,36,92,70,92,44,19,47,15,51,89,68,1,17,6,4,20,8,22,37,47,7,7,6,17,52,19,12,9,18,23,43,14,5,12,5,1,8,2,8,13,15,0,0,0,0,0,0
14,SHOP091,209,31,21,206,329,514,87,217,102,12,15,21,28,89,42,235,343,179,39,25,0,53,53,47,84,146,50,12,104,21,11,17,17,26,49,28,65,220,75,66,100,384,31,76,59,126,159,74,41,57,46,67,43,34,142,206,151,85,153,75,71,72,41,145,158,97,109,177,76,78,111,64,40,92,40,13,47,16,11,37,29,60,90,80,19,17,3,27,46,26,39,44,40,36,51,27,13,40,5,7,5,8,12,9,13,0,0,0,0,0,0
15,SHOP015,446,15,12,127,142,399,18,21,10,0,0,0,7,37,23,154,392,219,20,24,0,17,59,38,25,21,22,4,58,12,36,19,26,16,30,21,16,57,65,32,64,300,36,61,85,0,0,0,14,53,38,29,6,11,72,184,105,28,70,34,65,70,53,13,30,40,28,63,29,25,67,35,24,38,9,4,28,13,6,31,26,15,20,17,0,0,0,22,26,21,45,35,45,2,28,13,11,3,0,0,0,0,6,17,32,0,0,0,0,0,0
16,SHOP062,224,28,23,112,224,414,44,130,58,26,33,27,12,92,49,88,253,171,38,18,0,96,119,99,39,50,46,8,110,24,9,21,12,40,101,56,61,153,147,27,54,182,29,44,39,130,215,108,77,131,79,108,36,30,147,427,259,103,211,154,77,90,89,100,246,156,68,134,62,56,143,89,54,63,32,16,65,49,18,47,38,80,148,115,6,16,19,13,55,26,42,17,22,23,72,31,28,0,0,1,15,8,13,38,13,0,0,0,0,0,0
17,SHOP084,460,62,41,230,342,559,169,259,112,9,22,20,27,46,37,172,402,228,42,65,0,57,105,60,206,291,163,15,87,19,19,25,21,44,67,25,50,180,85,81,120,322,65,122,77,125,120,84,34,112,46,74,51,14,196,282,108,60,96,30,73,105,58,75,137,138,181,312,140,54,86,61,114,233,90,17,26,7,15,38,16,37,73,68,7,15,12,49,72,31,88,81,56,78,132,73,19,17,0,15,13,12,9,17,13,0,0,0,0,0,0
18,SHOP032,226,21,6,184,176,324,54,77,19,10,14,7,41,71,23,60,247,151,20,33,16,82,29,15,39,79,38,11,59,9,9,11,10,22,13,14,21,79,27,25,51,152,46,30,40,65,163,68,10,42,18,43,12,11,71,90,60,46,55,38,38,55,34,82,61,45,40,74,35,24,40,45,29,45,24,12,14,3,11,8,23,18,15,16,1,8,6,11,39,32,78,63,28,15,19,18,12,19,1,1,6,3,34,6,5,0,0,0,0,0,0
19,SHOP041,264,23,22,101,141,318,73,117,41,15,17,8,19,70,18,111,225,178,17,31,0,37,38,17,81,82,63,8,64,9,8,17,5,12,37,15,23,84,25,20,56,283,30,23,49,117,92,50,23,41,19,65,24,9,90,158,82,38,46,36,53,54,42,60,129,64,60,144,74,31,46,35,72,75,29,11,29,19,15,45,10,26,57,22,21,12,7,30,42,25,32,34,28,25,20,9,10,20,5,7,8,2,2,24,12,0,0,0,0,0,0
20,SHOP051,185,35,24,135,150,343,224,320,180,15,25,13,17,39,12,141,195,154,62,40,0,36,53,27,92,135,72,16,107,12,8,5,1,29,63,24,59,138,75,30,19,151,59,88,77,254,362,149,29,99,34,68,30,16,97,280,180,51,63,36,28,42,37,101,272,168,130,250,99,63,73,59,116,184,73,25,34,12,9,48,21,73,68,44,9,2,4,41,44,29,36,37,29,39,84,33,27,0,0,4,6,7,11,24,10,0,0,0,0,0,0
21,SHOP066,358,8,15,181,239,570,140,167,98,0,0,0,4,17,37,69,304,158,26,26,0,30,59,34,118,159,63,20,69,4,3,7,6,15,26,19,33,100,25,43,72,572,35,68,66,0,0,0,24,50,18,31,28,5,85,146,100,25,43,27,31,40,16,62,70,87,78,126,48,31,81,42,38,61,48,10,19,16,6,17,11,43,72,42,0,0,0,17,46,4,44,40,30,13,33,26,5,4,0,0,0,0,5,35,15,0,0,0,0,0,0
22,SHOP088,72,24,22,33,63,118,90,98,62,22,14,11,36,54,26,40,123,66,21,22,0,76,136,114,80,87,88,16,57,14,21,30,7,44,81,31,48,83,21,15,33,73,16,30,30,119,131,80,151,180,63,48,20,20,196,334,349,129,219,162,52,71,67,396,379,692,192,200,138,82,157,90,27,52,31,16,46,20,43,32,41,60,240,167,6,6,11,29,38,6,7,23,19,14,35,32,23,11,0,8,6,11,19,35,23,0,0,0,0,0,0
23,SHOP006,242,18,25,180,289,557,36,70,36,17,34,13,12,70,35,160,336,170,31,27,0,57,133,37,98,111,59,3,64,9,17,22,15,16,31,19,7,73,28,29,41,229,23,20,41,83,200,82,42,46,27,45,21,15,98,235,94,67,77,59,65,69,43,52,157,67,45,90,44,44,51,24,43,69,36,10,15,12,3,35,19,22,44,19,1,12,0,13,41,23,39,45,28,11,38,20,15,13,9,2,16,7,1,7,7,0,0,0,0,0,0
24,SHOP120,157,13,11,87,105,240,73,69,42,10,12,8,8,40,9,98,255,117,9,11,0,22,41,12,31,68,21,3,26,34,2,5,4,4,18,3,23,38,35,15,47,183,12,29,24,43,90,47,18,18,22,20,13,22,71,128,91,32,50,23,23,19,29,41,104,52,82,143,70,54,33,25,47,43,34,17,17,8,27,29,12,27,28,6,7,5,1,11,19,10,25,37,29,7,3,18,5,3,5,8,9,5,0,7,5,0,0,0,0,0,0
25,SHOP036,331,26,24,184,270,454,138,281,65,0,0,1,21,39,37,82,268,139,9,17,1,27,62,26,64,107,50,18,66,13,15,14,1,25,59,39,50,175,51,22,38,222,36,85,122,0,0,0,40,61,48,64,18,16,224,169,198,40,71,47,18,28,14,72,136,75,131,235,120,71,73,77,73,117,37,19,30,22,21,28,17,31,46,43,0,0,0,33,85,36,31,42,20,73,79,23,24,0,0,0,0,0,3,8,6,0,0,2,0,0,0
26,SHOP027,141,16,7,103,268,358,95,139,56,24,20,10,31,59,14,150,247,165,37,26,2,54,37,15,102,211,69,7,58,3,17,24,10,16,17,18,23,122,40,15,41,139,70,74,32,106,142,62,30,25,20,48,23,25,112,199,121,56,86,52,28,24,40,50,178,84,71,174,89,36,37,44,46,87,39,8,10,7,17,7,19,35,88,39,9,7,7,14,35,18,14,42,34,43,48,27,9,25,0,1,4,11,12,22,4,0,0,0,0,0,0
27,SHOP011,378,86,60,344,478,515,170,261,146,12,29,17,25,82,30,252,414,359,36,34,0,66,108,32,197,351,186,21,90,15,17,7,17,65,87,57,59,182,80,43,96,330,94,107,109,93,85,36,56,86,35,65,25,17,176,506,219,122,99,53,65,90,46,70,269,177,196,366,199,83,146,69,122,205,83,17,39,29,19,46,23,63,109,47,9,4,6,23,51,23,60,91,50,70,158,73,13,5,0,5,14,26,3,12,23,0,0,0,0,0,0
28,SHOP077,422,90,70,272,446,513,58,94,63,32,35,47,9,44,36,248,391,287,28,54,0,45,50,33,125,119,92,19,122,21,14,27,14,44,70,54,94,225,127,43,60,243,89,136,131,172,273,205,54,82,49,73,34,28,143,277,223,87,145,78,89,107,89,171,200,191,45,108,54,52,85,42,89,76,70,16,41,33,29,26,39,56,103,70,1,19,8,22,45,23,85,69,43,31,40,27,20,20,0,14,23,7,22,31,27,0,0,0,0,6,17
29,SHOP069,259,15,16,219,273,405,61,109,62,0,0,0,6,16,86,160,404,262,30,7,0,15,39,24,40,79,54,11,111,17,6,4,6,23,34,10,29,124,53,29,61,242,46,71,110,0,0,0,8,36,31,49,19,21,141,359,211,21,53,25,58,61,49,42,87,45,63,134,77,55,91,64,43,62,45,21,35,21,10,37,27,67,25,17,0,0,0,26,13,42,39,34,35,11,15,13,13,13,0,0,0,0,10,13,27,0,0,0,0,0,0
30,SHOP016,228,35,19,220,279,399,446,724,378,23,34,19,14,76,33,130,215,148,16,17,0,56,55,29,289,446,222,11,69,14,4,6,14,21,66,35,78,183,109,57,32,162,57,100,69,202,293,133,34,47,39,70,30,12,118,184,203,71,183,52,41,85,42,140,135,109,348,369,229,90,82,74,256,326,195,17,10,18,11,14,35,39,65,43,3,8,10,37,54,18,31,31,25,139,238,113,12,25,2,4,3,15,11,86,8,0,0,0,0,7,14
31,SHOP106,241,66,32,147,247,365,46,64,32,26,29,39,16,41,22,142,240,178,38,39,8,11,43,18,44,47,35,7,60,8,10,19,23,3,25,6,25,91,51,29,50,135,54,82,65,186,305,182,44,7,24,56,10,6,114,195,120,33,49,25,50,63,40,29,48,51,29,78,34,35,62,41,48,67,34,10,31,15,3,16,15,15,19,22,15,18,10,33,66,15,82,42,21,10,41,32,29,11,1,12,22,22,9,14,16,0,0,0,0,0,0
32,SHOP031,249,44,34,143,187,315,145,230,104,0,0,0,23,74,17,83,191,91,20,36,0,61,66,22,103,110,63,17,91,13,7,25,10,42,54,25,61,186,49,25,23,178,38,84,83,0,0,0,88,51,39,56,24,15,122,255,139,108,141,160,40,28,44,149,383,135,106,201,90,78,97,74,78,127,57,21,18,15,22,39,31,62,121,40,0,0,0,55,71,43,23,15,16,55,78,50,13,11,0,0,0,0,5,13,28,0,0,0,0,0,0
33,SHOP105,472,28,13,153,210,473,4,10,31,0,0,0,41,99,12,117,287,164,27,36,13,24,58,61,22,43,8,6,67,2,23,7,14,8,50,13,23,73,76,46,82,708,29,53,85,0,0,0,36,70,36,55,5,4,52,133,86,43,95,52,20,81,69,48,54,38,14,29,13,23,26,18,20,26,9,4,5,15,4,17,30,37,30,21,0,0,0,8,21,5,41,62,30,18,5,24,23,0,0,0,0,0,2,13,8,0,0,0,0,0,0
34,SHOP118,334,36,18,437,474,627,73,85,25,6,18,15,6,50,64,259,480,371,26,33,0,91,127,125,53,162,69,7,63,14,10,8,11,22,41,14,35,115,90,39,83,390,49,59,89,84,109,72,40,109,81,73,18,15,146,327,71,96,126,96,48,63,48,81,101,78,79,86,58,49,83,58,42,70,35,20,22,6,13,42,17,44,33,38,18,6,5,25,47,18,51,58,38,9,40,13,13,15,0,2,14,5,3,17,6,0,0,0,0,0,0
35,SHOP127,462,37,22,205,254,452,71,156,143,11,8,7,20,41,41,64,278,189,12,20,10,50,98,99,45,105,54,4,93,15,2,6,2,27,47,40,29,139,110,19,36,225,50,93,78,35,136,98,32,77,35,45,21,42,146,152,184,71,187,118,76,90,96,184,563,261,80,103,129,37,95,101,67,83,44,10,35,19,18,22,12,72,131,114,3,15,7,30,47,15,25,47,35,15,30,32,8,27,0,3,1,2,20,35,30,0,0,0,0,6,5
36,SHOP095,220,16,10,135,170,346,37,91,13,5,7,10,14,37,26,159,211,122,9,10,0,28,38,23,44,76,68,10,60,6,5,4,0,22,18,5,30,67,54,32,55,235,20,19,39,114,83,59,40,30,38,51,6,8,69,153,50,52,66,62,23,32,45,63,70,51,50,58,15,23,39,22,35,55,29,6,21,3,14,34,8,30,41,26,6,10,0,8,32,8,49,22,33,4,25,6,7,0,7,4,11,6,15,25,7,0,0,0,0,0,0
37,SHOP060,226,28,12,161,212,377,21,46,24,5,9,9,33,31,28,123,287,169,26,35,0,53,85,41,27,71,45,7,73,12,9,12,6,35,41,21,21,90,71,32,36,213,21,28,40,60,122,75,33,47,43,53,12,3,198,350,250,47,31,46,42,63,32,154,226,96,32,70,16,62,80,84,17,52,10,9,33,10,30,61,25,69,135,72,8,5,5,14,20,16,45,33,29,6,34,5,13,7,0,8,7,4,5,37,13,0,0,0,0,0,0
38,SHOP067,278,27,11,110,173,353,73,129,73,11,14,3,5,86,25,115,245,196,36,23,0,61,52,56,78,130,84,6,64,14,17,14,4,20,26,5,17,107,45,23,57,208,25,48,37,93,59,26,29,33,20,36,16,19,123,218,101,63,62,57,29,42,28,131,142,95,81,124,84,23,34,28,48,91,35,6,19,7,34,6,7,19,55,19,19,6,1,20,22,25,17,42,35,26,37,26,20,6,0,14,4,2,5,16,11,0,0,0,0,0,0
39,SHOP071,130,10,0,77,159,200,45,76,36,17,9,13,26,38,35,60,162,135,18,20,5,29,43,17,24,42,43,7,48,17,7,5,8,18,14,5,20,72,32,27,49,87,24,22,29,109,103,51,20,42,26,46,16,13,36,123,102,21,33,29,16,44,23,69,69,27,37,91,63,22,31,23,59,81,30,3,13,3,7,23,8,32,45,34,1,10,7,13,19,13,29,26,14,6,9,10,15,16,2,1,6,5,25,12,4,0,0,0,0,0,0
40,SHOP073,235,42,35,204,304,450,71,148,76,21,18,19,41,48,26,93,252,181,19,32,0,22,48,8,123,198,134,11,71,10,6,24,12,15,51,24,42,108,87,31,51,182,45,91,75,136,166,90,9,27,18,56,9,9,107,170,99,39,60,23,50,84,38,72,152,58,86,158,102,35,42,32,91,165,84,9,20,2,19,32,11,39,57,26,4,14,3,17,50,11,34,48,36,13,67,20,20,5,0,2,11,2,8,11,11,0,0,0,0,0,0
41,SHOP035,154,30,17,67,67,205,82,126,81,9,27,8,10,45,36,68,139,76,7,24,5,20,31,29,31,65,48,6,48,8,11,5,3,22,33,22,29,88,40,23,13,119,38,35,33,88,129,105,6,37,16,36,22,10,135,102,75,41,73,68,30,26,20,32,75,60,81,126,66,47,63,47,32,51,30,26,19,15,25,31,20,12,59,23,5,4,15,25,44,8,25,18,13,47,64,24,6,27,18,6,9,11,9,17,11,0,0,6,0,0,0
42,SHOP021,351,30,14,201,246,494,50,58,35,22,19,10,35,58,22,60,342,196,21,29,0,31,88,56,43,106,41,8,61,4,12,10,10,21,38,24,26,86,100,19,48,250,31,49,71,89,200,121,54,51,28,58,6,2,46,216,118,42,81,37,102,107,64,80,172,71,65,101,48,25,64,38,34,65,59,10,11,13,15,31,16,45,51,41,13,9,4,43,47,13,25,27,27,7,27,7,7,15,3,4,4,3,7,34,4,0,0,0,0,0,0
43,SHOP103,305,5,6,134,205,338,70,121,25,13,15,6,30,41,34,183,439,192,19,24,0,50,69,26,24,73,21,10,82,11,8,12,7,17,27,18,20,104,25,16,47,158,20,58,61,112,64,67,35,51,16,26,9,4,38,86,79,35,28,30,60,56,44,23,30,16,49,53,22,35,63,39,33,53,8,7,9,2,12,10,6,12,30,14,0,0,3,8,20,12,15,12,15,13,14,7,7,10,0,5,1,7,5,28,6,0,0,0,0,0,0
44,SHOP053,248,48,30,272,410,491,41,78,28,18,16,1,39,43,17,123,285,209,24,43,0,53,78,34,70,108,70,8,49,14,11,8,6,31,53,37,32,110,50,29,36,181,40,89,83,57,126,34,64,89,42,30,22,7,171,364,224,79,89,24,47,53,27,68,224,163,41,77,61,71,92,61,47,42,22,33,28,13,23,48,38,79,108,99,13,6,5,28,38,25,34,44,24,32,44,34,18,25,1,4,15,6,28,38,12,0,0,0,0,12,0
45,SHOP085,242,39,23,244,292,376,53,105,31,22,9,10,23,69,33,63,300,154,33,15,0,13,43,6,83,128,88,21,63,10,19,23,15,24,43,1,37,109,16,35,41,208,77,76,64,52,115,65,34,45,16,49,18,13,112,171,111,48,84,19,70,110,44,89,137,61,63,61,22,31,64,39,43,53,24,18,23,8,11,41,9,17,63,36,11,6,5,24,50,3,60,41,36,36,41,20,19,0,0,5,4,5,9,14,8,0,0,6,0,0,0
46,SHOP063,212,48,23,195,288,599,45,81,25,18,19,13,18,49,8,100,267,177,37,32,0,29,51,36,66,119,58,13,73,10,14,12,12,21,52,24,43,148,88,22,50,237,67,78,78,75,185,83,41,59,11,77,32,13,148,267,104,33,55,43,50,48,50,146,201,128,82,121,51,50,68,62,54,78,40,10,28,7,16,34,22,77,76,43,8,14,1,17,35,13,47,55,49,23,63,10,9,23,1,6,15,9,41,16,11,0,0,0,0,0,0
47,SHOP048,243,26,13,142,201,308,47,64,33,5,14,17,40,42,11,124,204,192,15,18,0,49,59,9,51,63,42,3,47,5,6,7,2,16,25,5,33,69,88,30,24,160,44,62,33,79,159,104,40,19,8,64,12,6,200,133,78,54,79,12,34,49,34,88,161,89,33,58,25,44,55,44,27,50,28,9,23,4,21,30,11,38,63,59,7,11,6,18,30,15,25,24,25,6,26,3,19,10,0,6,0,8,3,27,9,0,0,3,0,0,0
48,SHOP055,96,18,10,119,264,270,16,81,27,12,23,25,13,72,33,75,170,97,7,13,0,21,32,20,30,49,26,2,37,14,6,10,7,8,23,17,21,60,45,19,46,102,20,56,60,45,154,87,23,39,21,21,3,7,74,109,100,16,50,39,40,49,18,40,55,47,31,59,27,21,51,29,27,57,42,9,10,6,9,10,9,7,20,15,4,13,6,5,20,7,21,39,25,7,16,0,5,8,0,4,5,6,8,6,6,0,0,22,0,0,0
49,SHOP125,33,17,6,29,47,87,54,123,110,7,6,10,0,30,7,6,29,34,10,15,0,7,12,19,67,107,83,11,15,7,2,8,4,17,42,22,21,72,40,7,5,32,4,18,36,26,121,77,4,31,33,22,4,10,77,193,69,47,73,42,9,6,10,34,151,160,127,152,89,39,87,66,50,102,64,16,15,6,7,17,18,6,51,42,3,3,0,39,62,18,4,3,8,24,50,14,3,28,10,0,17,6,7,16,15,0,0,0,0,0,7
50,SHOP014,220,29,13,153,253,465,105,167,96,15,32,20,20,68,20,111,186,161,38,38,0,36,47,44,105,218,87,8,44,17,24,29,11,34,46,44,42,99,31,14,30,197,33,70,60,189,289,150,14,37,19,47,20,13,202,176,155,41,86,51,65,66,55,124,116,66,91,178,109,32,46,29,56,144,72,7,15,13,11,12,10,39,66,32,14,12,8,36,42,33,46,39,31,41,53,36,24,9,0,12,21,13,11,13,9,0,0,6,0,0,0
51,SHOP008,0,0,7,0,0,79,0,0,21,0,0,7,0,0,8,0,0,43,0,0,0,0,0,7,0,0,8,0,0,5,0,0,1,0,0,11,0,0,12,0,0,18,0,0,18,0,0,37,0,0,6,0,0,7,0,0,43,0,0,2,0,0,31,0,0,25,0,0,20,0,0,9,0,0,14,0,0,2,0,0,4,0,0,18,0,0,2,0,0,5,0,0,5,0,0,0,0,0,0,0,0,0,0,0,0,0,0,4,0,0,0
52,SHOP089,293,28,26,160,186,295,35,61,49,22,32,32,13,37,24,95,177,156,38,48,3,51,53,46,58,90,39,11,59,14,9,15,6,21,32,32,52,170,72,33,26,153,34,59,93,232,204,114,42,40,95,47,27,18,113,178,185,62,77,96,70,56,60,155,235,161,43,59,44,64,102,72,36,45,20,13,24,31,23,58,28,47,63,98,0,13,1,18,44,33,21,25,34,17,30,53,26,37,10,6,12,1,16,41,26,0,0,0,0,0,5
53,SHOP075,175,17,28,225,297,405,175,283,138,8,12,3,19,47,31,100,203,122,27,35,0,42,103,32,109,161,109,6,60,27,10,9,14,39,64,47,34,119,31,37,40,200,28,66,59,78,137,119,65,46,35,57,19,10,186,177,150,89,98,69,47,46,31,128,281,94,268,309,189,48,100,94,86,146,60,19,37,10,18,53,14,82,89,58,4,11,3,66,35,38,33,38,30,60,79,39,22,24,0,5,6,21,26,16,17,0,0,0,0,0,0
54,SHOP020,403,52,24,174,372,688,44,126,54,29,45,33,30,52,29,212,411,349,32,12,0,37,58,37,48,78,35,21,128,11,3,17,10,13,32,20,66,205,64,14,40,234,49,83,102,259,344,151,31,35,35,84,17,15,86,139,116,62,90,80,116,121,70,111,188,106,83,124,65,63,68,51,46,86,55,19,25,17,22,35,11,55,41,61,16,21,12,52,80,35,42,52,57,30,31,6,29,22,0,1,33,5,12,22,11,0,0,3,0,0,0
55,SHOP086,370,47,19,239,329,500,180,241,124,20,68,27,27,35,20,154,281,261,42,10,0,51,135,46,200,221,134,11,111,10,21,35,8,27,53,50,86,203,49,29,60,250,70,106,65,351,369,280,48,69,49,100,22,29,146,256,196,77,96,21,74,71,46,117,249,84,151,263,91,62,92,58,133,214,148,16,18,17,30,33,47,43,90,46,14,21,6,22,57,31,59,66,51,59,89,31,34,7,0,4,16,7,21,43,30,0,0,0,0,0,0
56,SHOP026,403,65,30,214,287,473,29,26,14,16,21,22,39,107,61,158,299,237,45,30,0,70,153,116,47,94,46,11,72,4,11,16,5,27,59,14,22,129,84,36,74,464,48,55,100,64,69,65,80,57,70,72,24,13,167,113,118,64,165,124,76,93,87,155,148,75,48,66,51,24,63,49,19,40,13,29,21,13,17,16,14,10,40,24,3,8,11,30,65,17,42,70,62,6,23,20,10,19,0,0,6,7,5,10,13,0,0,6,0,0,0
57,SHOP068,400,31,37,188,293,537,26,73,32,14,22,15,32,126,56,274,403,326,24,29,0,77,127,78,55,89,52,19,120,3,5,5,10,16,47,15,47,117,70,57,85,339,80,125,163,76,88,127,56,57,51,68,12,5,102,238,105,64,99,93,87,109,76,70,50,41,70,92,65,31,65,28,23,65,35,10,35,10,11,32,16,24,43,28,6,1,1,37,21,24,51,96,101,18,18,15,26,4,0,7,6,25,15,13,9,0,0,5,0,0,0
58,SHOP090,135,26,11,91,204,337,24,46,24,1,14,14,24,40,17,86,178,142,18,25,0,16,20,23,38,75,34,1,50,13,5,14,9,18,6,5,17,85,14,22,27,109,16,27,28,101,139,48,18,51,16,42,15,7,45,118,28,29,73,18,43,41,33,39,48,32,29,52,33,19,33,33,41,66,70,14,15,5,6,24,18,14,40,13,7,11,1,3,19,2,22,30,13,14,25,8,15,9,5,5,6,2,4,25,8,0,0,0,0,0,0
59,SHOP022,159,60,19,132,210,280,40,87,41,11,7,9,31,49,24,75,157,84,26,30,0,61,57,19,28,44,42,8,63,7,5,5,6,20,34,43,28,97,42,24,30,103,31,31,43,141,279,159,43,57,40,26,25,7,117,160,110,70,57,47,53,68,39,183,232,93,96,170,69,42,64,54,30,48,14,18,33,23,18,43,37,48,76,53,5,3,9,24,61,24,19,23,26,21,42,14,24,1,0,0,0,11,15,10,5,0,0,0,0,0,0
60,SHOP052,359,63,21,194,290,465,71,102,42,15,22,10,9,95,31,150,292,294,67,34,0,92,80,43,47,75,57,13,137,34,3,10,9,19,39,17,49,183,113,25,57,412,33,43,61,65,153,89,41,48,42,72,36,29,89,220,113,66,103,41,54,55,47,182,195,104,65,127,41,49,90,47,41,60,33,25,21,6,36,52,15,95,153,51,3,12,1,28,49,24,50,49,35,19,42,34,8,14,12,8,8,5,22,22,20,0,0,0,0,0,0
61,SHOP039,196,22,14,238,281,417,86,114,45,25,22,20,61,33,29,117,185,167,27,28,0,76,64,58,88,116,44,14,75,3,12,13,7,34,51,54,47,132,83,28,26,187,61,85,84,131,193,113,72,98,15,68,16,25,175,250,168,69,113,87,37,33,33,281,323,286,84,147,65,76,133,109,43,64,37,16,33,25,18,29,39,70,116,71,3,1,4,58,77,33,81,62,40,39,62,30,16,7,0,5,9,9,21,45,22,0,0,21,0,0,0
62,SHOP003,247,27,6,179,241,315,70,132,77,20,47,33,16,38,28,181,209,253,19,14,0,51,39,26,61,123,89,19,77,17,9,25,4,29,38,35,51,99,30,27,65,239,49,107,91,69,114,94,16,40,8,60,23,23,132,261,122,35,79,26,64,102,55,117,148,91,82,128,73,56,58,22,54,103,69,14,11,5,6,25,17,24,94,25,4,9,6,28,35,15,36,44,23,9,19,13,10,3,0,2,4,4,8,18,18,0,0,0,0,0,0
63,SHOP037,257,28,21,171,214,276,49,40,26,20,43,18,10,46,57,104,233,185,40,23,0,39,99,58,54,74,47,5,51,28,6,17,11,15,47,27,36,86,47,21,36,168,34,43,53,126,194,117,20,35,38,57,22,9,111,230,155,47,116,96,74,69,43,83,164,88,54,85,42,42,66,46,37,70,36,12,22,21,16,52,35,43,78,43,8,17,3,18,39,25,36,39,31,17,8,11,20,17,0,8,16,20,4,30,5,0,0,0,0,0,0
64,SHOP059,331,54,22,155,278,442,64,60,42,25,37,13,14,13,38,137,359,241,13,15,5,67,107,104,54,98,70,12,85,17,12,26,8,23,66,26,29,102,52,35,45,301,45,46,58,177,257,125,35,43,84,45,13,26,193,429,163,53,126,47,36,83,34,105,183,93,71,119,60,68,124,58,61,72,52,36,37,20,31,57,20,35,74,29,25,28,6,30,45,25,48,52,34,28,48,19,32,11,0,12,19,16,10,34,18,0,0,0,0,0,0
65,SHOP043,333,55,27,319,364,656,106,286,128,17,27,8,13,32,13,206,329,230,41,23,0,40,67,35,173,249,166,8,100,25,23,16,3,35,63,32,58,196,72,36,94,275,70,84,93,149,238,74,25,60,21,89,33,19,232,434,269,62,85,44,55,70,31,74,145,126,133,291,120,102,130,104,93,215,120,34,43,18,8,62,40,65,112,70,6,10,5,47,72,34,63,83,48,73,95,63,12,13,0,8,9,18,10,29,25,0,0,0,0,0,0
66,SHOP028,276,38,21,164,300,397,24,40,32,11,26,11,10,21,12,170,302,182,23,26,0,21,88,17,74,88,60,10,57,3,13,19,14,29,40,33,32,62,45,32,49,320,31,42,69,122,149,89,10,70,24,31,16,11,130,228,128,37,67,42,53,73,43,72,81,58,44,82,70,60,79,47,42,58,31,11,23,9,14,26,13,25,47,23,4,11,13,10,39,20,26,38,49,29,39,13,7,12,6,1,9,14,9,12,17,0,0,0,0,0,0
67,SHOP099,408,33,11,193,272,586,48,53,42,22,9,9,19,161,114,153,395,159,32,16,0,63,74,32,28,92,63,6,78,15,8,4,1,20,22,16,45,81,46,46,104,469,39,58,70,106,125,42,32,65,33,57,16,13,115,206,119,77,135,65,77,80,87,151,150,112,93,87,51,26,28,28,53,59,28,15,18,11,13,24,10,76,46,20,12,9,2,20,31,27,41,39,37,9,18,7,7,21,7,3,14,3,16,16,10,0,0,5,0,0,0
68,SHOP033,359,59,23,246,315,468,163,172,86,7,19,8,22,35,33,172,297,161,34,37,0,62,105,72,223,309,158,16,114,31,9,17,6,48,66,50,46,199,131,26,101,284,55,108,115,135,171,150,58,97,86,86,17,22,167,296,187,90,138,72,50,96,76,90,137,139,140,264,160,54,93,48,87,118,96,44,53,35,20,27,27,49,45,79,1,11,11,22,35,60,38,72,54,86,109,50,22,12,0,3,10,16,19,31,29,0,0,0,0,0,0
69,SHOP013,153,16,7,139,173,291,113,217,108,7,25,17,31,47,24,63,148,97,14,28,0,31,42,56,105,128,68,10,65,45,5,12,8,35,73,27,43,136,40,12,24,93,40,55,181,113,205,149,48,78,32,37,10,99,199,271,172,78,79,80,20,33,36,95,110,50,155,169,110,37,74,70,93,157,78,31,19,27,42,20,31,61,62,32,0,2,16,28,38,31,6,23,30,67,121,68,20,21,0,8,10,3,30,31,30,0,0,0,0,14,10
70,SHOP058,289,78,75,265,433,514,180,205,130,23,50,12,29,134,50,134,285,228,50,16,0,78,127,60,86,142,85,28,164,15,3,7,14,68,61,42,84,220,167,153,62,233,100,130,136,229,314,232,74,118,41,89,65,14,177,311,207,101,174,162,69,90,50,147,462,322,244,287,191,125,204,115,69,97,51,36,34,17,14,42,30,104,219,165,6,14,18,129,128,25,28,33,35,47,64,48,27,7,0,16,8,11,40,25,36,0,0,0,0,0,0
71,SHOP113,357,48,14,239,428,525,60,92,40,18,21,20,51,91,47,182,358,162,40,24,0,53,84,32,64,84,40,21,109,29,14,16,19,39,36,19,60,172,98,40,65,276,103,89,92,118,194,113,40,16,17,92,28,16,134,221,261,64,85,41,65,93,60,189,224,104,80,105,67,90,108,66,39,62,16,24,25,18,22,47,28,11,22,60,4,13,11,35,81,50,63,32,66,31,40,30,11,26,0,3,11,13,30,22,11,0,0,0,0,0,0
72,SHOP126,243,25,19,97,153,279,116,183,108,0,0,0,29,83,57,46,177,98,35,8,0,68,68,38,71,94,51,10,64,6,16,31,3,21,34,20,26,125,46,13,23,140,27,30,46,0,0,0,43,49,29,44,20,12,163,270,128,21,16,47,33,45,45,68,119,110,146,181,120,82,85,47,87,133,82,21,30,5,21,32,11,39,50,51,0,0,0,43,53,39,18,25,16,73,92,45,11,0,0,0,0,0,34,21,12,0,0,0,0,0,0
73,SHOP040,280,26,7,202,255,419,58,61,53,9,25,9,10,53,22,117,132,156,23,25,0,35,162,35,71,106,65,12,105,15,5,11,8,22,32,15,37,118,42,22,60,164,33,46,50,140,217,118,43,54,10,74,26,11,93,150,82,55,104,60,40,52,50,32,66,76,66,61,24,38,44,31,61,63,33,26,8,12,24,26,22,32,29,34,9,16,8,8,29,2,32,42,29,5,7,9,12,3,0,1,9,3,9,14,19,0,0,0,0,0,0
74,SHOP025,354,29,31,170,195,391,44,50,26,18,22,22,19,58,36,150,389,254,16,34,0,18,14,20,50,74,79,13,37,9,6,10,10,7,29,22,32,71,45,28,40,374,47,58,82,104,101,53,19,18,29,47,19,9,140,117,156,24,34,53,55,83,61,86,55,55,51,89,41,46,39,31,57,35,57,25,17,7,21,17,12,24,26,18,5,18,7,17,24,10,53,45,25,34,16,4,15,0,0,19,20,11,14,11,12,0,0,0,0,0,0
75,SHOP082,361,58,55,223,358,637,100,114,75,37,84,53,57,83,38,216,416,301,22,29,0,61,157,41,86,138,57,1,105,4,15,38,16,39,57,38,41,130,87,27,97,325,60,111,127,495,545,291,48,128,77,66,13,15,188,169,154,94,114,95,109,155,62,122,126,120,97,159,60,51,111,69,62,105,66,26,22,15,14,21,26,52,66,43,30,27,16,43,59,20,43,47,48,42,39,33,49,20,0,6,28,4,3,13,15,0,0,0,0,0,0
76,SHOP111,347,39,23,238,294,427,234,415,186,25,36,32,16,112,36,127,216,201,52,37,0,29,89,53,211,416,174,24,124,16,16,14,14,51,101,43,120,282,143,43,38,221,103,131,105,161,240,129,61,58,77,78,35,28,153,385,185,67,86,70,65,73,62,165,265,153,222,363,157,84,105,88,177,197,86,22,36,19,18,52,23,61,92,64,8,14,5,56,83,31,42,54,39,124,151,79,40,0,0,5,7,11,7,34,10,0,0,0,0,0,0
77,SHOP072,202,36,14,220,276,357,49,148,37,18,17,23,39,36,40,124,243,176,77,24,0,34,71,37,60,90,38,13,93,9,9,12,8,26,66,15,71,164,102,47,73,204,101,86,92,128,174,85,28,46,32,110,30,14,189,206,126,48,123,62,88,85,36,133,226,157,93,285,44,68,84,45,34,67,30,19,37,14,24,42,23,79,91,102,7,6,2,33,45,27,40,104,51,8,41,9,17,15,0,2,8,1,10,18,13,0,0,5,0,0,0
78,SHOP078,547,86,45,146,298,502,19,41,22,7,21,24,44,108,80,124,396,208,22,20,0,39,37,31,60,91,25,18,93,30,9,9,15,42,35,36,44,154,81,37,118,429,34,97,164,119,158,73,34,47,10,66,24,20,130,174,119,48,54,42,71,98,99,30,79,136,55,107,64,70,95,50,36,79,28,24,27,19,5,15,22,54,75,74,8,19,12,32,47,6,33,71,61,60,47,37,14,10,0,12,9,15,14,24,9,0,0,0,0,0,0
79,SHOP112,76,17,6,159,158,215,45,58,42,14,10,19,27,30,25,82,152,94,15,14,0,31,19,14,55,36,27,9,57,3,10,5,4,12,16,17,41,101,69,7,27,105,49,34,54,164,156,116,24,18,17,21,13,11,123,169,82,29,38,41,39,41,35,70,54,112,43,78,57,29,46,30,49,56,30,10,13,6,12,20,4,13,30,10,6,2,2,29,48,20,32,36,10,9,31,12,19,0,0,5,1,2,6,22,2,0,0,0,0,0,0
80,SHOP094,259,46,44,161,280,566,138,237,126,10,25,17,4,79,48,151,274,255,47,34,0,44,51,34,87,174,96,18,106,21,26,29,14,31,45,25,50,110,33,39,58,290,52,69,89,162,205,142,38,66,19,57,24,20,104,240,125,44,48,42,68,61,65,65,84,46,145,213,124,50,63,26,166,300,132,8,16,5,22,39,13,19,44,28,9,12,7,30,32,22,47,63,43,47,80,40,18,20,0,10,14,3,12,17,5,0,0,0,0,0,0
81,SHOP018,324,38,38,238,350,464,121,220,102,24,29,14,68,205,122,148,281,222,45,27,0,45,120,67,79,234,143,21,118,13,12,10,1,28,89,68,82,273,116,34,58,184,64,108,148,165,315,110,49,141,67,67,28,29,184,434,277,87,156,142,33,86,31,196,397,275,135,290,176,101,196,167,75,130,62,12,30,24,33,37,25,47,150,63,9,17,10,58,98,37,26,84,66,36,54,43,42,0,0,2,16,8,26,39,24,0,0,3,0,0,0
82,SHOP122,245,14,12,153,205,401,48,55,33,7,22,28,14,37,13,81,216,147,17,24,0,44,73,66,35,67,21,4,65,12,3,3,4,18,46,37,36,102,69,25,45,145,42,65,72,114,180,82,30,69,37,41,25,10,133,147,169,70,102,92,50,48,34,108,170,144,53,118,57,64,88,55,43,83,35,12,40,14,12,35,9,40,102,23,3,7,5,29,28,29,32,50,31,27,51,12,12,13,0,5,6,2,11,34,17,0,0,12,0,0,0
83,SHOP017,266,38,29,127,266,398,76,137,55,24,24,20,27,36,10,47,237,174,29,26,0,31,70,34,143,217,126,9,54,11,30,21,15,23,34,16,32,103,44,26,55,213,61,79,70,141,142,73,17,22,27,40,30,12,72,143,112,45,94,49,39,37,33,86,84,61,102,200,129,38,50,40,87,182,94,5,14,11,14,18,13,40,29,34,3,3,3,14,43,17,42,60,31,15,49,24,23,12,0,9,6,8,7,11,5,0,0,0,0,0,0
84,SHOP045,295,52,12,152,388,495,75,98,31,19,26,16,20,74,45,158,261,226,57,28,0,52,113,36,53,74,43,13,87,23,8,11,8,36,53,23,55,176,49,23,33,222,27,116,101,160,143,99,76,100,56,74,16,21,143,274,140,65,162,78,62,54,57,224,220,166,64,64,40,47,81,44,34,78,30,22,40,11,17,17,15,41,95,58,1,5,8,19,34,21,49,51,33,42,28,14,16,23,0,8,9,8,32,29,27,0,0,0,0,0,0
85,SHOP007,269,30,13,198,277,433,54,96,59,24,33,26,8,18,10,171,511,342,12,16,0,40,36,79,63,71,41,9,39,28,15,32,15,19,50,25,18,62,42,28,60,474,24,32,58,65,81,47,11,32,25,27,6,3,118,266,108,22,21,44,71,90,54,58,68,53,72,98,87,76,45,30,20,54,33,32,25,10,46,27,8,21,52,24,10,19,10,29,37,14,28,55,24,14,28,25,21,12,0,13,27,12,13,27,11,0,0,0,0,0,0
86,SHOP119,237,20,14,93,142,358,51,52,28,22,24,20,13,58,23,75,251,181,20,15,0,23,71,17,35,65,15,4,49,10,0,7,5,39,66,29,22,74,56,16,33,184,18,47,63,69,129,73,28,52,33,30,11,13,237,278,219,48,57,30,30,72,43,45,171,82,77,128,98,53,70,83,28,47,18,23,20,21,25,28,30,25,66,36,0,8,6,34,66,38,27,29,34,5,18,17,29,0,0,0,8,23,13,11,13,0,0,14,0,0,0
87,SHOP001,157,31,13,143,140,269,28,61,41,7,14,8,3,11,15,57,184,126,17,4,0,21,33,29,21,50,26,4,23,23,2,4,6,3,35,18,13,63,32,21,29,144,21,35,28,84,58,61,8,36,21,30,3,3,41,62,48,10,25,21,32,43,21,77,82,61,32,80,23,28,27,41,38,40,21,5,7,3,7,11,9,10,24,29,4,4,4,9,9,25,11,22,20,3,11,10,8,10,1,9,7,4,6,18,21,0,0,0,0,0,0
88,SHOP054,138,23,13,152,181,251,149,129,74,11,21,16,21,15,15,88,128,115,33,21,0,28,39,77,47,78,34,13,80,12,3,4,0,23,27,19,51,154,87,18,19,85,36,40,43,157,257,148,17,27,9,51,28,17,190,253,134,46,97,28,29,32,29,127,165,158,107,139,80,38,72,36,72,81,32,14,16,8,13,16,13,27,42,7,12,11,16,24,21,11,15,25,22,25,43,20,10,15,9,14,11,14,6,11,4,0,0,0,0,0,0
89,SHOP102,234,33,11,123,187,391,57,74,39,12,22,23,60,55,32,128,207,113,24,20,0,44,64,33,38,43,49,6,70,11,10,9,10,29,52,35,37,66,55,28,55,148,75,49,47,112,147,72,63,45,16,42,15,15,78,189,102,55,71,58,54,49,39,110,98,124,53,100,33,67,89,61,42,59,24,16,15,17,21,45,18,42,95,58,6,5,6,36,45,24,36,23,35,28,43,19,11,3,0,2,13,11,5,9,2,0,0,4,0,0,0
90,SHOP115,139,34,23,138,149,210,36,35,20,6,13,7,4,34,22,78,148,115,24,34,0,19,28,15,54,72,26,5,39,1,10,3,0,24,21,20,11,59,48,14,33,130,47,44,63,65,74,39,13,45,30,45,16,15,102,185,78,19,14,13,15,26,26,94,89,125,38,72,23,24,76,22,16,27,12,13,14,11,9,31,17,25,39,29,6,1,2,24,30,1,16,22,29,16,27,6,13,10,0,1,3,14,3,3,2,0,0,0,0,0,0
91,SHOP079,281,76,44,233,445,708,91,200,93,27,28,17,19,38,28,95,375,315,51,33,0,105,142,96,140,214,125,17,94,13,4,7,7,35,48,31,50,137,76,31,99,315,134,125,118,170,166,105,34,71,44,25,26,25,129,183,205,60,92,60,83,73,65,88,144,121,142,234,112,65,114,79,88,111,65,28,20,22,23,30,29,21,50,42,4,13,6,39,34,22,63,55,70,26,64,38,23,1,0,5,14,17,13,44,20,0,0,0,0,0,0
92,SHOP049,280,27,29,154,250,473,43,107,69,15,26,29,15,48,27,75,264,154,27,36,10,17,29,28,76,86,63,7,91,7,16,26,11,15,53,36,40,140,123,16,30,179,25,86,84,238,220,142,27,28,24,67,29,7,52,196,158,17,92,46,54,109,56,65,88,102,48,87,43,35,51,59,34,97,44,4,22,15,2,30,22,36,85,18,2,8,14,36,64,27,22,30,38,16,26,28,33,0,0,11,15,10,8,41,19,0,0,0,0,0,0
93,SHOP121,452,12,7,121,201,607,130,136,98,13,19,20,22,64,27,282,602,276,37,20,0,50,52,33,76,196,96,11,83,12,4,20,19,16,32,13,71,137,91,31,64,387,79,97,48,68,212,87,31,50,8,71,16,14,93,133,91,67,97,17,106,108,64,158,216,196,55,115,60,59,78,34,90,127,57,10,4,16,10,21,19,80,154,70,2,5,3,16,34,27,27,78,37,40,28,19,29,0,0,2,8,2,23,24,18,0,0,0,0,0,0
94,SHOP010,322,49,24,200,329,446,54,145,62,15,22,11,41,57,16,157,321,194,29,20,0,50,83,36,88,144,78,11,68,7,6,11,7,29,56,27,34,112,47,36,63,218,53,56,51,104,137,85,43,50,20,46,19,15,158,209,123,57,87,46,41,43,21,45,101,67,125,163,111,40,99,55,73,121,84,19,26,14,18,30,20,43,90,37,9,5,0,28,52,9,36,46,33,23,51,54,31,12,0,6,1,1,22,13,20,0,0,0,0,0,0
95,SHOP124,225,17,14,157,232,344,110,187,102,13,19,17,69,123,84,107,179,150,41,46,0,80,75,28,95,161,94,7,69,10,17,10,12,24,106,20,66,199,107,31,39,159,73,131,172,163,324,162,53,67,21,96,28,33,111,233,115,77,114,50,40,42,36,141,250,162,130,181,119,57,103,66,83,99,59,15,38,25,13,25,25,55,106,49,11,2,6,40,50,31,19,49,50,44,65,41,22,9,0,2,6,7,10,26,12,0,0,0,0,0,0
96,SHOP012,133,19,14,84,139,295,41,48,13,0,0,0,25,59,21,55,140,146,20,20,0,25,29,15,29,34,23,3,47,11,9,12,9,20,24,30,9,51,38,16,31,102,17,32,51,0,0,0,5,35,22,19,14,7,89,282,154,48,53,44,51,48,59,6,55,39,14,34,29,47,78,70,10,14,11,16,19,17,19,34,30,53,38,25,0,0,0,19,38,35,13,44,22,12,33,20,1,11,11,0,0,0,2,30,8,0,0,1,0,0,0
97,SHOP093,115,22,12,92,151,194,32,76,28,7,16,10,14,29,19,49,64,78,18,16,0,128,53,54,58,71,18,12,47,7,7,3,11,35,17,26,37,93,58,7,19,64,31,41,46,83,134,151,50,62,27,31,25,5,133,147,107,64,77,49,26,31,24,171,211,142,70,63,32,32,37,31,32,48,19,6,8,8,12,18,16,30,83,61,0,8,4,30,55,17,17,24,17,30,25,21,10,22,22,6,16,12,10,19,15,0,0,0,0,0,0
98,SHOP004,259,30,13,177,216,581,43,107,35,30,17,12,18,38,41,93,275,191,27,22,0,78,65,65,36,99,44,17,65,30,12,16,10,17,27,8,29,91,61,24,44,169,39,40,34,180,238,90,35,27,30,38,5,4,127,175,62,57,106,49,49,21,26,39,96,34,65,151,80,33,58,29,56,119,58,10,13,20,12,27,24,20,30,24,6,8,4,29,49,3,27,33,37,12,14,23,18,16,5,6,8,5,8,23,6,0,0,0,0,0,0
99,SHOP101,375,37,45,222,330,596,72,122,30,29,25,29,20,81,38,156,336,198,23,35,5,44,73,45,100,191,112,37,80,34,28,52,28,29,72,34,55,204,83,15,56,249,56,81,113,291,287,132,29,78,42,86,27,18,152,178,121,69,100,64,108,166,96,107,233,124,59,71,47,71,85,38,93,146,82,9,40,18,23,25,22,33,78,49,25,18,10,36,23,9,34,39,18,51,66,33,28,10,0,12,19,3,42,32,16,0,0,0,0,7,11
100,SHOP046,212,13,10,142,192,339,81,143,81,19,24,6,15,28,29,165,316,207,4,11,0,37,49,26,111,149,60,22,65,18,13,9,6,27,32,10,31,90,72,65,75,320,32,30,43,92,96,46,32,25,28,28,14,22,146,125,80,41,46,25,42,53,29,165,365,212,62,137,76,32,53,20,55,107,73,12,18,8,19,35,19,78,159,57,15,12,3,13,41,15,56,71,18,27,22,2,15,0,0,10,15,8,5,31,15,0,0,0,0,0,0
101,SHOP024,193,12,14,104,186,278,20,63,45,17,17,16,16,35,11,136,261,119,12,23,0,45,54,13,64,93,31,10,52,8,5,6,7,14,8,7,32,85,24,39,86,205,27,31,15,49,97,48,11,30,25,45,19,12,76,241,73,17,39,20,20,38,15,69,154,41,29,61,26,33,65,28,41,63,25,6,18,10,12,20,15,63,124,37,6,7,1,33,46,24,42,59,27,26,25,21,3,8,1,1,9,11,20,49,12,0,0,0,0,0,0
102,SHOP023,362,40,33,180,303,410,53,115,45,11,34,18,31,34,11,176,487,319,22,16,0,124,98,52,90,208,113,13,71,16,18,7,2,10,5,7,22,83,60,43,50,298,57,76,70,84,125,64,79,59,31,46,36,12,142,272,157,27,37,42,61,63,45,66,97,26,60,108,61,56,49,33,29,55,36,12,13,11,28,29,10,40,53,25,7,17,10,24,72,11,39,45,22,27,41,33,25,37,0,5,23,3,3,3,5,0,0,2,0,0,0
103,SHOP097,157,26,23,159,189,321,155,322,174,0,0,0,19,51,15,76,139,86,27,9,0,31,61,36,88,130,63,16,64,3,3,5,4,24,35,25,50,161,106,20,43,152,62,83,65,0,0,0,34,47,24,58,20,9,69,110,117,26,50,53,41,39,17,72,147,95,148,243,97,75,86,67,64,111,62,0,19,27,6,30,19,22,96,71,0,0,0,32,56,33,32,26,30,63,96,66,22,12,0,0,0,0,7,15,10,0,0,0,0,0,0
104,SHOP044,190,17,10,111,123,310,83,131,66,3,14,3,18,27,10,89,177,99,9,21,0,40,25,14,104,154,100,9,26,19,8,10,10,15,24,8,22,42,37,7,15,127,13,25,28,38,93,79,35,38,4,34,3,4,103,114,60,24,22,20,27,21,16,4,11,6,115,178,83,17,61,23,93,201,79,11,20,10,6,20,10,7,39,26,4,8,13,7,29,6,12,9,5,50,72,15,9,10,9,5,14,7,8,11,7,0,0,0,0,0,0
105,SHOP030,680,20,14,156,147,375,77,104,68,10,14,11,25,140,93,186,369,172,13,25,0,88,108,73,76,99,48,9,65,9,4,15,19,33,38,6,27,97,38,44,36,443,28,39,43,33,124,57,53,47,20,72,29,15,121,128,55,80,122,67,91,146,70,155,137,110,60,74,67,40,71,30,76,79,49,16,31,10,19,54,11,49,59,55,2,5,7,19,23,14,33,47,26,37,31,13,7,12,5,1,7,4,19,31,12,0,0,0,0,0,0
106,SHOP038,261,17,5,204,208,394,51,92,24,0,0,0,12,40,3,76,282,106,23,23,0,55,67,37,48,62,41,4,85,8,11,12,7,10,43,8,51,96,69,54,72,322,29,36,56,0,0,0,27,62,11,55,12,4,81,172,149,71,95,49,32,43,19,80,112,116,47,86,30,58,76,27,53,55,22,23,21,17,36,36,23,39,72,61,0,0,0,11,29,16,39,35,32,12,17,22,10,14,8,0,0,0,21,26,8,0,0,0,0,0,0
107,SHOP029,257,29,16,132,180,527,52,64,39,24,18,13,14,66,36,91,328,251,28,48,0,21,71,35,58,90,30,16,83,7,10,10,5,9,45,21,49,151,66,9,36,230,17,47,59,115,244,139,39,69,50,66,25,21,76,150,120,51,111,42,64,70,50,114,191,91,60,115,63,30,78,45,59,57,28,21,34,22,18,23,22,45,85,51,9,9,1,18,48,19,10,34,14,39,33,22,13,0,0,11,7,6,2,5,45,0,0,0,0,0,0
108,SHOP096,563,64,22,245,351,720,48,53,35,14,21,16,4,50,39,232,502,370,39,22,0,40,65,57,63,112,33,4,90,22,14,21,10,27,41,30,35,108,52,39,72,529,37,59,80,109,120,75,26,44,22,58,10,10,185,317,194,62,99,52,53,54,51,71,125,80,94,148,40,42,57,52,28,77,15,14,23,10,11,28,20,44,55,34,5,11,8,38,48,19,49,48,31,20,42,20,17,3,0,8,3,5,7,35,7,0,0,0,0,0,0
109,SHOP092,191,66,46,200,253,381,48,57,42,10,33,21,26,48,10,107,288,133,36,29,0,48,45,23,57,81,51,8,43,25,1,24,5,20,54,24,40,120,81,36,58,145,46,80,74,69,190,92,30,110,19,48,26,15,158,280,96,50,132,33,42,53,43,81,94,107,41,99,20,46,70,44,29,60,42,17,27,9,17,44,11,26,69,37,2,27,11,8,40,31,119,66,35,33,31,17,18,19,0,2,18,11,21,24,28,0,0,0,0,0,0
110,SHOP081,155,27,18,132,212,233,58,97,70,11,5,10,38,90,62,80,136,105,47,22,0,30,75,41,50,63,46,16,74,23,4,3,0,27,38,34,35,107,64,9,18,85,39,53,45,76,115,25,22,81,42,59,24,22,93,223,209,38,119,94,23,46,41,271,213,201,73,73,67,89,94,87,20,47,31,6,12,8,13,30,12,32,83,37,0,3,1,47,58,53,16,19,33,29,49,25,10,21,3,3,1,4,23,10,11,0,0,0,0,0,0
111,SHOP076,346,36,22,138,244,572,43,121,46,8,5,9,54,53,35,103,362,103,63,11,0,55,68,25,83,71,43,9,91,16,5,13,1,23,34,18,21,81,78,26,65,314,24,29,41,52,127,56,38,42,35,55,22,10,111,211,155,38,43,47,59,55,27,105,175,62,71,104,68,39,65,40,29,35,28,10,27,9,22,37,28,51,78,56,9,7,5,17,43,9,34,61,18,15,32,18,7,7,2,4,3,13,22,23,10,0,0,0,0,0,0
112,SHOP080,264,13,10,92,106,277,26,22,33,9,14,20,6,30,25,61,261,160,17,12,0,17,39,8,18,46,23,8,51,9,10,14,8,5,15,8,18,81,35,23,45,297,16,11,34,72,123,57,20,40,5,30,10,5,71,134,66,37,50,18,59,47,65,36,58,43,46,49,26,21,33,13,33,45,18,10,25,4,14,28,14,24,33,9,4,3,1,3,24,14,29,27,39,3,2,3,12,12,1,0,6,6,3,11,36,0,0,0,0,0,0
113,SHOP074,333,100,53,236,379,599,84,113,31,28,32,26,29,68,51,231,337,305,33,34,0,65,62,35,164,269,137,8,79,38,10,19,14,30,55,28,59,128,32,47,67,308,61,121,142,218,239,73,59,60,63,68,25,33,197,235,153,50,45,101,131,121,68,23,171,32,83,132,82,52,78,30,81,121,66,25,20,9,22,36,26,28,73,25,15,24,6,25,38,17,49,50,39,51,55,29,29,28,0,12,19,13,2,10,19,0,0,0,0,0,0
114,SHOP107,81,19,1,43,74,143,20,69,43,0,7,13,5,106,29,40,86,63,4,7,11,10,43,19,21,40,19,2,30,58,6,2,13,17,25,11,42,64,45,31,6,61,13,12,3,55,66,20,44,48,29,11,13,39,38,76,41,47,97,41,28,47,28,281,281,95,83,142,179,41,67,34,10,25,9,10,27,11,12,21,13,57,59,47,6,1,4,35,31,24,1,11,6,19,12,19,11,9,4,0,11,4,2,14,16,0,0,16,0,0,0
115,SHOP108,432,22,10,210,295,582,73,85,61,7,35,7,29,48,21,293,335,277,20,21,2,45,34,32,58,71,44,13,41,13,4,6,4,28,22,21,33,92,51,21,60,297,39,52,68,123,145,106,24,19,20,46,10,15,141,214,209,26,22,24,56,60,43,99,171,160,70,100,64,49,70,44,52,67,23,12,10,10,31,20,18,23,48,42,7,5,7,28,33,24,31,46,33,34,24,27,13,8,0,2,10,1,17,14,15,0,0,0,0,0,0
116,SHOP019,521,48,33,154,198,503,44,56,35,0,0,0,19,52,29,158,644,247,50,15,0,28,47,17,64,45,47,5,68,3,16,25,7,15,34,13,26,104,44,35,89,471,83,94,121,0,0,0,38,58,20,75,20,8,237,319,190,43,69,38,43,92,73,21,88,27,54,93,32,32,65,39,45,33,53,14,33,25,35,29,21,17,65,15,0,0,0,13,46,14,34,53,30,8,24,6,10,0,0,0,0,0,11,14,5,0,0,0,0,0,0
117,SHOP002,359,17,12,275,283,640,74,180,76,6,30,28,14,36,3,224,615,263,24,29,0,43,43,43,135,226,92,29,58,42,18,25,6,29,47,24,33,72,46,36,106,583,46,84,94,28,142,54,34,62,26,36,7,23,181,380,233,47,70,35,49,61,57,120,198,62,116,176,74,37,70,51,66,134,77,8,47,12,18,31,15,40,51,30,9,9,0,7,28,13,72,68,42,31,42,18,44,0,0,4,5,16,11,17,9,0,0,0,0,0,0
118,SHOP114,273,26,20,179,191,394,88,114,51,14,28,10,8,66,17,91,280,122,25,25,0,32,116,19,90,105,58,13,102,13,10,10,12,22,30,19,33,177,86,31,43,270,52,48,77,181,109,89,35,104,34,117,20,12,142,315,190,75,162,62,47,83,58,116,223,141,83,102,55,72,87,55,51,83,49,17,26,15,13,44,27,70,88,85,19,7,9,32,50,21,49,48,42,22,44,19,11,8,0,15,12,8,17,32,18,0,0,4,0,0,0
119,SHOP087,156,12,8,149,143,239,41,93,34,2,4,7,6,20,5,97,196,117,14,12,2,10,11,6,28,72,50,5,42,8,8,6,6,8,26,12,11,35,27,17,30,105,37,41,44,92,104,58,11,17,13,21,5,6,47,143,61,13,51,29,24,32,38,49,62,24,25,48,32,16,25,7,30,42,17,4,13,7,12,13,3,10,31,0,1,2,2,9,16,14,26,19,17,14,24,17,8,8,0,3,6,11,15,14,0,0,0,0,0,0,0
120,SHOP050,488,57,23,250,343,738,76,77,48,0,0,0,17,18,36,206,468,345,27,11,0,87,34,19,78,149,65,11,62,6,10,15,11,21,52,32,23,99,71,19,42,369,47,61,117,0,0,0,33,48,39,58,9,11,100,177,167,62,65,31,76,75,60,28,91,30,70,116,59,39,72,63,62,103,55,6,22,14,18,29,15,16,51,37,0,0,0,34,52,45,33,39,29,30,30,8,17,11,0,0,0,0,20,15,5,0,0,0,0,0,0
121,SHOP061,238,31,14,188,230,394,51,72,38,14,9,9,15,54,41,134,265,215,28,29,0,47,135,33,81,137,79,21,54,96,13,23,10,6,12,6,21,86,35,26,45,215,46,56,79,116,219,71,14,59,40,53,9,12,72,98,49,28,32,44,61,76,53,40,104,89,55,84,46,31,29,10,58,90,80,9,18,8,4,4,17,27,22,33,3,14,6,16,23,18,14,24,29,35,44,29,21,6,0,5,4,5,8,10,21,0,0,0,0,0,0
122,SHOP056,454,59,31,240,297,550,47,83,55,29,31,22,98,98,44,205,478,372,39,23,0,90,195,94,41,87,43,10,97,25,4,16,20,35,72,44,50,186,112,59,53,407,100,125,153,110,152,161,65,119,92,82,42,31,237,294,199,89,171,100,114,137,87,93,173,174,54,176,81,87,120,84,47,89,26,32,57,33,22,45,22,48,74,48,9,11,1,42,94,28,53,65,59,30,41,26,22,6,0,2,4,18,20,34,12,0,0,0,0,0,0
123,SHOP070,245,23,21,162,218,502,17,35,30,9,8,9,10,37,38,143,201,192,26,52,0,36,44,24,53,85,46,3,49,10,0,13,6,6,27,7,23,98,38,9,26,139,14,31,46,86,187,55,11,29,20,35,4,11,34,117,83,19,54,63,36,75,59,39,34,27,33,71,36,13,23,14,41,55,34,1,17,2,6,18,11,29,39,25,2,14,2,20,26,7,25,14,23,13,39,7,5,14,0,5,8,5,2,22,11,0,0,4,0,0,0
